month,income,expenses,profit,retirement_401k_balance,roth_ira_balance,taxable_investments,cash_savings,home_equity,other_assets,total_assets,notes
2024-10-01,9200,6400,2800,74000,18500,42000,16000,140000,5000,295500,Stable month with steady savings
2024-11-01,9100,6550,2550,74850,18700,42850,16250,140500,5000,297150,Holiday spending increased slightly
2024-12-01,9800,7100,2700,75750,18950,43500,15800,141000,5000,299000,End-of-year bonus month
2025-01-01,9300,6600,2700,76650,19150,44200,16050,141500,5000,301550,New year contributions continued
2025-02-01,9250,6450,2800,77550,19350,44950,16300,142000,5000,305150,Lower utilities helped margin
2025-03-01,9400,6700,2700,78475,19550,45750,16550,142500,5000,307825,Tax refund partially saved
2025-04-01,9350,6800,2550,79425,19750,46550,16700,143000,5000,311425,Routine spending and consistent investing
2025-05-01,9500,6900,2600,80400,19975,47375,16900,143500,5000,315150,Health and travel expenses
2025-06-01,9600,7000,2600,81425,20200,48150,17100,144000,5000,320875,Continuing retirement contributions
2025-07-01,9700,7050,2650,82475,20450,49050,17350,144500,5000,325825,Market gains improved taxable accounts
2025-08-01,9550,6950,2600,83550,20700,49800,17500,145000,5000,330550,Steady month with savings
2025-09-01,9650,7050,2600,84650,20950,50550,17750,145500,5000,335400,Year-to-date assets continued growing
